unit,unitTitle,lesson,lessonTitle,topics,accountingMatch,accountingCandidates,addedAccountingVideos,optionalExcelVideos,accountingCandidateUse,source
1,Smart Ledger Launch,1,Introduction: Sarah's Challenge,Manual records; transaction categories; business records and investor trust,Partial,https://www.youtube.com/watch?v=yYX4bvQSqbo,,,Optional introduction. Use a short accounting-cycle extract after the launch scenario.,src/app/student/unit01/lesson01/lesson-data.ts
1,Smart Ledger Launch,2,Classifying Transactions: How Business Events Change the Accounting Equation,"Assets, liabilities, and equity; transaction effects; equation balance",Direct,https://www.youtube.com/watch?v=56xscQ4viWE,https://www.youtube.com/watch?v=56xscQ4viWE,,Learn. Keep the local transaction examples and equation checks.,src/app/student/unit01/lesson02/lesson-data.ts
1,Smart Ledger Launch,3,"Debit, Credit, and Journal Entries",DEA LER; debit and credit rules; journal entries; T-accounts,Direct,https://www.youtube.com/watch?v=VhwZ9t2b3Zk ; https://www.youtube.com/watch?v=Y-_Q3rANyxU ; https://www.youtube.com/watch?v=kA9snSvCgW8,https://www.youtube.com/watch?v=VhwZ9t2b3Zk ; https://www.youtube.com/watch?v=Y-_Q3rANyxU&t=146s,,Learn. Use one main clip. Offer the journal and T-account clips as optional support.,src/app/student/unit01/lesson03/lesson-data.ts
1,Smart Ledger Launch,4,Excel Model: Move Manual Ledger to Excel Table,Excel Tables; ledger structure; naming; formatting,Partial,https://www.youtube.com/watch?v=Fu8zGee1SZw,,https://www.youtube.com/watch?v=RcXVitTsHLE,Optional concept review. No verified Excel Table tutorial in either requested source.,src/app/student/unit01/lesson04/lesson-data.ts
1,Smart Ledger Launch,5,Build Self-Auditing Formulas and Error Flags,SUMIF; debit and credit totals; balance checks; error flags; audit trail,Partial,https://www.youtube.com/watch?v=3_PfoTzSCQE,https://www.youtube.com/watch?v=3_PfoTzSCQE,https://www.youtube.com/watch?v=_dVB1gPIKx4,Optional trial-balance review. Keep the Excel formula and error-check demonstration.,src/app/student/unit01/lesson05/lesson-data.ts
1,Smart Ledger Launch,6,Investor-Facing Summary & Workbook Polish,Ledger summary; trial balance evidence; status indicators; investor explanation,Partial,https://www.youtube.com/watch?v=3_PfoTzSCQE,,,Optional review. No verified dashboard or formatting tutorial in either source.,src/app/student/unit01/lesson06/lesson-data.ts
1,Smart Ledger Launch,7,"Project Rehearsal: Shared Data, Shared Standard",Shared ledger workbook; evidence tracing; peer audit; quality checks,Review,https://www.youtube.com/watch?v=3_PfoTzSCQE ; https://www.youtube.com/watch?v=Y-_Q3rANyxU,,,Reuse previous clips only when students need support.,src/app/student/unit01/lesson07/lesson-data.ts
1,Smart Ledger Launch,8,Project Milestone 1: Kickoff & Workbook Setup,Group dataset; transaction sheet; chart of accounts; draft readiness claim,Review,https://www.youtube.com/watch?v=Fu8zGee1SZw,,,Optional link to the earlier ledger explanation. No new project video.,src/app/student/unit01/lesson08/lesson-data.ts
1,Smart Ledger Launch,9,Project Milestone 2: Complete Workbook & Rehearse,Complete ledger; test checks; verify trial balance; recommendation; rehearsal,Review,https://www.youtube.com/watch?v=3_PfoTzSCQE,,,Reuse the trial-balance clip only when needed.,src/app/student/unit01/lesson09/lesson-data.ts
1,Smart Ledger Launch,10,Project Milestone 3: Final Presentation & Submission,Present the ledger and recommendation; submit workbook and presentation notes,No match verified,,,,Use the project rubric and presentation instructions.,src/app/student/unit01/lesson10/lesson-data.ts
2,Month-End Wizard,1,Launch: The Month-End Closing Crisis,Month-end close; reporting delay; accuracy; adjustment timing,Partial,https://www.youtube.com/watch?v=yYX4bvQSqbo,,,Optional overview. Start at 07:28 for adjustments or 12:34 for closing.,src/app/student/unit02/lesson01/lesson-data.ts
2,Month-End Wizard,2,Accruals and Deferrals: Timing Is Everything,Cash versus accrual; accrued revenue and expense; deferred revenue; prepayments,Direct,https://www.youtube.com/watch?v=H0N7tvXuJlU ; https://www.youtube.com/watch?v=CRcHPo-gP1M,https://www.youtube.com/watch?v=H0N7tvXuJlU ; https://www.youtube.com/watch?v=CRcHPo-gP1M,,Learn. Use the adjusting-entry video as the main resource. Offer the timing comparison as support.,src/app/student/unit02/lesson02/lesson-data.ts
2,Month-End Wizard,3,Closing Entries: Resetting Temporary Accounts,Temporary and permanent accounts; Income Summary; closing entries; retained earnings,Direct,https://www.youtube.com/watch?v=e1z2lpdQyGQ,https://www.youtube.com/watch?v=e1z2lpdQyGQ,,Learn. Keep the page's chosen closing procedure consistent.,src/app/student/unit02/lesson03/lesson-data.ts
2,Month-End Wizard,4,Complete Manual Month-End Flow,Unadjusted trial balance; recurring adjustments; depreciation; closing; post-closing trial balance,Partial,https://www.youtube.com/watch?v=yYX4bvQSqbo ; https://www.youtube.com/watch?v=_pas1ETbrj8,https://www.youtube.com/watch?v=_pas1ETbrj8&t=283s,,Use short sections for the workflow and depreciation entry. Keep the full local close checklist.,src/app/student/unit02/lesson04/lesson-data.ts
2,Month-End Wizard,5,Build First Automation Layer,Named ranges; input areas; linked close calculations; control panel; verification,Review,https://www.youtube.com/watch?v=H0N7tvXuJlU ; https://www.youtube.com/watch?v=e1z2lpdQyGQ,,https://www.youtube.com/watch?v=lZq3tR0Y9Ow,Concept review only. No verified formula-driven close tutorial in either source.,src/app/student/unit02/lesson05/lesson-data.ts
2,Month-End Wizard,6,"Polish Wizard Interface: Validation, Controls, and Auditability",Validation; dropdown controls; scenario changes; audit panel; accounting accuracy,No match verified,,,https://www.youtube.com/watch?v=SDfb-cdDDb4,Use the workbook demonstration. Neither source verifies this Excel procedure.,src/app/student/unit02/lesson06/lesson-data.ts
2,Month-End Wizard,7,Project Rehearsal: Guided Practice with Shared Data,Shared month-end workbook; evidence tracing; peer audit; quality standard,Review,https://www.youtube.com/watch?v=H0N7tvXuJlU ; https://www.youtube.com/watch?v=e1z2lpdQyGQ,,,Reuse previous clips only when needed.,src/app/student/unit02/lesson07/lesson-data.ts
2,Month-End Wizard,8,Project Kickoff: Your Group's Month-End Scenario,Group month-end scenario; Data and Adjustments sheets; draft recommendation,Review,https://www.youtube.com/watch?v=H0N7tvXuJlU,,,Optional support for adjustment classification. No new project video.,src/app/student/unit02/lesson08/lesson-data.ts
2,Month-End Wizard,9,Complete Workbook and Rehearse Demo,Complete close workbook; evidence and risk; scenario tests; peer critique; rehearsal,Review,https://www.youtube.com/watch?v=e1z2lpdQyGQ,,,Optional closing-entry review. Keep project tests and critique local.,src/app/student/unit02/lesson09/lesson-data.ts
2,Month-End Wizard,10,PBL Milestone 3: Final Innovation Fair Demo,Final closing-system demonstration; recommendation; workbook submission,No match verified,,,,Use the project rubric and demonstration instructions.,src/app/student/unit02/lesson10/lesson-data.ts
3,Three-Statement Storyboard,1,Launch: The Investor Question,"Income statement; balance sheet; cash flow statement; profit, solvency, and cash",Direct,https://www.youtube.com/watch?v=Fi1wkUczuyk,,,Learn or after the launch prompt. Good unit overview.,src/app/student/unit03/lesson01/lesson-data.ts
3,Three-Statement Storyboard,2,Build the Income Statement,Trial balance to income statement; revenue and expense groups; net income,Direct,https://www.youtube.com/watch?v=0--AvwZabIQ,https://www.youtube.com/watch?v=0--AvwZabIQ&t=112s,,Learn. Select the basic or detailed build to match the page.,src/app/student/unit03/lesson02/lesson-data.ts
3,Three-Statement Storyboard,3,Build the Balance Sheet and Retained Earnings,Balance sheet groups; current and long-term accounts; retained earnings; equation check,Direct,https://www.youtube.com/watch?v=CMv1zlZhb4Q ; https://www.youtube.com/watch?v=_F6a0ddbjtI,https://www.youtube.com/watch?v=CMv1zlZhb4Q&t=138s ; https://www.youtube.com/watch?v=_F6a0ddbjtI,,Learn. Use the balance-sheet build as the main clip. Use statement relationships for the retained-earnings connection.,src/app/student/unit03/lesson03/lesson-data.ts
3,Three-Statement Storyboard,4,Indirect Cash Flow Statement and Ratio Interpretation,"Indirect cash flow; non-cash items; working capital; operating, investing, and financing; current ratio; ROA",Direct,https://www.youtube.com/watch?v=8CH-6wdfz0Y ; https://www.youtube.com/watch?v=3W_LwpeG8c8,https://www.youtube.com/watch?v=8CH-6wdfz0Y ; https://www.youtube.com/watch?v=3W_LwpeG8c8&t=346s ; https://www.youtube.com/watch?v=3W_LwpeG8c8&t=491s,,Learn. Use the indirect-method explanation and only the current-ratio and ROA sections.,src/app/student/unit03/lesson04/lesson-data.ts
3,Three-Statement Storyboard,5,Link the Three Statements: Cross‑Sheet References and Integrity Checks,Net income to retained earnings; cash reconciliation; cross-sheet references; integrity checks,Partial,https://www.youtube.com/watch?v=_F6a0ddbjtI,https://www.youtube.com/watch?v=_F6a0ddbjtI,https://www.youtube.com/watch?v=hvrba_TKqqo,Concept support. No verified Excel linking or check-formula tutorial in either source.,src/app/student/unit03/lesson05/lesson-data.ts
3,Three-Statement Storyboard,6,Integration & Dashboard: Decision-Ready Three‑Statement Model,Scenario controls; exact-match lookups; validation; KPI charts; investor summary,Partial,https://www.youtube.com/watch?v=3W_LwpeG8c8,,https://www.youtube.com/watch?v=5IkGnB1ZTaY,Optional KPI interpretation. Keep scenario controls and Excel procedures local.,src/app/student/unit03/lesson06/lesson-data.ts
3,Three-Statement Storyboard,7,Project Rehearsal: Three-Statement Workbook Audit,Shared three-statement workbook; statement ties; evidence; peer audit,Review,https://www.youtube.com/watch?v=_F6a0ddbjtI,,,Reuse the relationship clip only when needed.,src/app/student/unit03/lesson07/lesson-data.ts
3,Three-Statement Storyboard,8,Presentation Prep: KPI Dashboard Design,Financial ratios; charts; sparklines; KPI dashboard; investor narrative,Partial,https://www.youtube.com/watch?v=3W_LwpeG8c8,,,Optional ratio sections. No verified Excel dashboard tutorial in either source.,src/app/student/unit03/lesson08/lesson-data.ts
3,Three-Statement Storyboard,9,Mock Panel & Revisions: Expert Critique Session,Expert critique; model assumptions; investor questions; revision; rehearsal,Review,https://www.youtube.com/watch?v=_F6a0ddbjtI,,,Optional accounting review. No new presentation video.,src/app/student/unit03/lesson09/lesson-data.ts
3,Three-Statement Storyboard,10,Public Presentation: Demo Day Investor Showcase,Investor presentation; live statement model; financial narrative; questions,No match verified,,,,Use the project rubric and panel instructions.,src/app/student/unit03/lesson10/lesson-data.ts
4,Data-Driven Café,1,Launch: Weekend Profit vs. Waste,Café profit; food waste; inventory and staffing; operational metrics,Partial,https://www.youtube.com/watch?v=jS7jbz1UWuA,,,Optional profit vocabulary only. It does not cover the café planning problem.,src/app/student/unit04/lesson01/lesson-data.ts
4,Data-Driven Café,2,Descriptive Statistics: What Does Normal Look Like?,Mean; median; range and spread; effects of outliers,No match verified,,,,Neither requested source provides a verified descriptive-statistics lesson.,src/app/student/unit04/lesson02/lesson-data.ts
4,Data-Driven Café,3,Outliers and Data Quality,"Z-scores; outlier detection; keep, flag, or remove data",No match verified,,,,Neither requested source provides a verified outlier or data-cleaning lesson.,src/app/student/unit04/lesson03/lesson-data.ts
4,Data-Driven Café,4,Forecasting Logic: Predicting the Future from Past Data,Trend lines; slope; regression fit; R-squared; forecasting limits,No match verified,,,https://www.youtube.com/watch?v=h1Sx8d8cUyo,Neither requested source provides a verified forecasting lesson.,src/app/student/unit04/lesson04/lesson-data.ts
4,Data-Driven Café,5,Data Cleaning and Analysis,TRIM and PROPER; Text-to-Columns; duplicates; filters; outlier checks; cleaning log,No match verified,,,https://www.youtube.com/watch?v=W6JMFsVAzJI,Use the Excel demonstration. No verified procedure match in either source.,src/app/student/unit04/lesson05/lesson-data.ts
4,Data-Driven Café,6,Integration & Presentation: Decision‑Ready Dashboard,Forecast dashboard; scenario switching; lookups; chart links; validation; summary,No match verified,,,https://www.youtube.com/watch?v=5IkGnB1ZTaY,Use the workbook demonstration.,src/app/student/unit04/lesson06/lesson-data.ts
4,Data-Driven Café,7,Project Rehearsal: Café Analysis Walkthrough,Shared café analysis; data evidence; workbook quality; peer audit,No match verified,,,,Use the rehearsal workbook and checklist.,src/app/student/unit04/lesson07/lesson-data.ts
4,Data-Driven Café,8,Project Kickoff: Team Setup,Team scope; success metrics; dataset import; workbook setup,No match verified,,,,Use the group dataset and project instructions.,src/app/student/unit04/lesson08/lesson-data.ts
4,Data-Driven Café,9,Mock Panel & Revision: Presentation Rehearsal,Forecast prototype; scenario tests; recommendation; peer critique; rehearsal,No match verified,,,,Use the project rubric and test scenarios.,src/app/student/unit04/lesson09/lesson-data.ts
4,Data-Driven Café,10,Public Presentation: Café Management Showcase,Café recommendation; workbook evidence; assumptions; presentation and questions,No match verified,,,,Use the project rubric and audience questions.,src/app/student/unit04/lesson10/lesson-data.ts
5,PayDay Simulator,1,Launch & Explore: The Payroll Cash Crunch,Payroll cash timing; pay commitments; withholding; liabilities; reconciliation,Partial,https://www.youtube.com/watch?v=CRcHPo-gP1M,,,Optional timing explanation. It does not teach payroll calculations.,src/app/student/unit05/lesson01/lesson-data.ts
5,PayDay Simulator,2,Skill Introduction: Gross to Net Calculations,"Hourly, salary, and tip pay; gross to net; withholding tables",Partial,https://www.youtube.com/watch?v=B-rGJ35ndOQ,https://www.youtube.com/watch?v=B-rGJ35ndOQ,,Backup vocabulary support only. No verified complete payroll calculation video in either source.,src/app/student/unit05/lesson02/lesson-data.ts
5,PayDay Simulator,3,Deductions and Net Pay,Net pay; employee deductions; income tax; employer costs; Social Security and Medicare,Partial,https://www.youtube.com/watch?v=FeANJVZNfTA ; https://www.youtube.com/watch?v=B-rGJ35ndOQ,https://www.youtube.com/watch?v=FeANJVZNfTA,,Tax brackets supports one concept. The backup explains the gross/net terms. Keep deduction and employer-tax calculations local.,src/app/student/unit05/lesson03/lesson-data.ts
5,PayDay Simulator,4,Payroll Timing and Liabilities,Payroll register; payment timing; employee and employer liabilities; bank reconciliation,Partial,https://www.youtube.com/watch?v=9aZ6CCj-ies,,,Optional accrued-cost support. It does not establish payroll register or reconciliation coverage.,src/app/student/unit05/lesson04/lesson-data.ts
5,PayDay Simulator,5,Schedule-to-Pay: Building the Weekly Labor Engine,Employee roster; weekly schedule; dropdowns; SUMIFS; overtime; gross pay,No match verified,,,https://www.youtube.com/watch?v=6c9fIZys7ng ; https://www.youtube.com/watch?v=5IkGnB1ZTaY,Use the schedule-to-pay workbook demonstration.,src/app/student/unit05/lesson05/lesson-data.ts
5,PayDay Simulator,6,"Pay Stub Studio: Taxes, Net Pay, and Proof",Taxable pay; income tax; FICA; state withholding; Employee ID selector; printable pay stub,Partial,https://www.youtube.com/watch?v=FeANJVZNfTA,,https://www.youtube.com/watch?v=5IkGnB1ZTaY,"Optional tax mechanism support. It does not replace withholding tables, FICA rules, or the pay-stub procedure.",src/app/student/unit05/lesson06/lesson-data.ts
5,PayDay Simulator,7,Project Rehearsal: Shared Payroll Workbook Audit,Shared payroll workbook; calculation audit; evidence; peer critique,No match verified,,,,Use the rehearsal workbook and checklist.,src/app/student/unit05/lesson07/lesson-data.ts
5,PayDay Simulator,8,Project Kickoff — Your Payroll Workbook,Payroll dataset; business scenario; workbook setup; success metrics,No match verified,,,,Use the group dataset and project instructions.,src/app/student/unit05/lesson08/lesson-data.ts
5,PayDay Simulator,9,PBL Milestone 2: Prototype + Rehearsal (PayDay Simulator),Payroll prototype; XLOOKUP and IF; validation; scenario tests; rehearsal,No match verified,,,,Use the project workbook and test scenarios.,src/app/student/unit05/lesson09/lesson-data.ts
5,PayDay Simulator,10,Public Presentation: YouTube Publication & Business Q&A,Payroll tutorial; final demonstration; cash-flow questions; submission,No match verified,,,,Use the project rubric and demonstration instructions.,src/app/student/unit05/lesson10/lesson-data.ts
6,PriceLab Challenge,1,Launch: The Pricing Problem,Revenue versus profit; pricing decisions; profitable and competitive prices,Partial,https://www.youtube.com/watch?v=jS7jbz1UWuA,,,Optional context for a falling margin. It does not teach the pricing decision model.,src/app/student/unit06/lesson01/lesson-data.ts
6,PriceLab Challenge,2,Markup vs. Margin Concepts,Markup versus margin; cost and sales bases; break-even introduction,Partial,https://www.youtube.com/watch?v=jS7jbz1UWuA,https://www.youtube.com/watch?v=jS7jbz1UWuA&t=193s,,Use only for margin. No verified markup comparison or break-even lesson in either source.,src/app/student/unit06/lesson02/lesson-data.ts
6,PriceLab Challenge,3,CVP Model Construction,Contribution margin dollars and ratio; fixed costs; break-even; capacity; target profit,No match verified,,,https://www.youtube.com/watch?v=Y58nnb-BWfE,No verified CVP or break-even video in the two requested sources.,src/app/student/unit06/lesson03/lesson-data.ts
6,PriceLab Challenge,4,Scenario Comparison & Sensitivity Reasoning,"Price, volume, and cost scenarios; contribution margin; sensitivity; trade-offs",No match verified,,,,No verified CVP sensitivity video in either source.,src/app/student/unit06/lesson04/lesson-data.ts
6,PriceLab Challenge,5,Goal Seek: Hit Your Profit Target,CVP inputs; Goal Seek setup; target price or volume; result interpretation,No match verified,,,,Use the Goal Seek demonstration.,src/app/student/unit06/lesson05/lesson-data.ts
6,PriceLab Challenge,6,Data Tables: Sensitivity Analysis,One-variable and two-variable Data Tables; input cells; sensitivity matrix; pricing risk,No match verified,,,,Use the Data Table demonstration.,src/app/student/unit06/lesson06/lesson-data.ts
6,PriceLab Challenge,7,"Project Rehearsal: Shared Workbook, Evidence Chain, and Quality Standard",Shared pricing workbook; cost-to-dashboard evidence; quality checks; peer audit,No match verified,,,,Use the rehearsal workbook and checklist.,src/app/student/unit06/lesson07/lesson-data.ts
6,PriceLab Challenge,8,Project Kickoff: Group Workbook Setup and First Analysis,Group pricing data; fixed and variable cost classification; price options; feasibility,No match verified,,,,Use the group dataset and project instructions.,src/app/student/unit06/lesson08/lesson-data.ts
6,PriceLab Challenge,9,Complete the Workbook and Rehearse the Recommendation,Target profit; sensitivity sheets; profit matrix; dashboard; recommendation; rehearsal,No match verified,,,,Use the project workbook and test scenarios.,src/app/student/unit06/lesson09/lesson-data.ts
6,PriceLab Challenge,10,"Final Presentation, Submission, and Reflection",Pricing recommendation; evidence; risk; final presentation and submission,No match verified,,,,Use the project rubric and panel instructions.,src/app/student/unit06/lesson10/lesson-data.ts
7,Inventory Accounting,1,Unit Launch: Sarah's Inventory Problem,Purchases and sales; inventory records; COGS; ending inventory formula,Partial,https://www.youtube.com/watch?v=OB6RDzqvNbk,,,Optional foundation after the launch scenario.,src/app/student/unit07/lesson01/lesson-data.ts
7,Inventory Accounting,2,"Inventory Cost Flow Foundations: Beginning Inventory, Purchases, and COGS",Beginning inventory plus purchases minus COGS; physical versus cost flow; cost layers,Direct,https://www.youtube.com/watch?v=OB6RDzqvNbk ; https://www.youtube.com/watch?v=Hvul1enbwjk,https://www.youtube.com/watch?v=OB6RDzqvNbk,,Learn. Use inventory and COGS as the main resource. The FIFO introduction supports cost-flow assumptions.,src/app/student/unit07/lesson02/lesson-data.ts
7,Inventory Accounting,3,FIFO and LIFO: Two Ways to Value the Same Inventory,FIFO and LIFO; COGS and ending inventory; changing prices; method effects,Direct,https://www.youtube.com/watch?v=Hvul1enbwjk ; https://www.youtube.com/watch?v=dAEm17g0T6E,https://www.youtube.com/watch?v=Hvul1enbwjk&t=161s ; https://www.youtube.com/watch?v=dAEm17g0T6E&t=110s,,Learn. Use the method and example sections. Keep the local comparison task.,src/app/student/unit07/lesson03/lesson-data.ts
7,Inventory Accounting,4,Specific Identification and Weighted Average,Specific Identification; Weighted Average; business fit; rounding; four-method comparison,Partial,https://www.youtube.com/watch?v=vGPn_Oo7UBQ&t=2304s,https://www.youtube.com/watch?v=vGPn_Oo7UBQ&t=2304s,,"Learn, for Weighted Average only. Start at 38:24. Neither source provides a verified Specific Identification video.",src/app/student/unit07/lesson04/lesson-data.ts
7,Inventory Accounting,5,Build the Inventory Method Workbook,Four-method workbook; structured references; cost layers; lot lookup; pooled cost,Review,https://www.youtube.com/watch?v=Hvul1enbwjk ; https://www.youtube.com/watch?v=dAEm17g0T6E ; https://www.youtube.com/watch?v=vGPn_Oo7UBQ&t=2304s,,https://www.youtube.com/watch?v=-tX25Ceh56A,Reuse method clips only when needed. No verified Excel algorithm tutorial in either source.,src/app/student/unit07/lesson05/lesson-data.ts
7,Inventory Accounting,6,Build the Scenario-Switch Dashboard,Scenario and method selectors; lookup keys; turnover; days on hand; gross margin; checks,Partial,https://www.youtube.com/watch?v=3W_LwpeG8c8 ; https://www.youtube.com/watch?v=jS7jbz1UWuA,https://www.youtube.com/watch?v=3W_LwpeG8c8&t=664s ; https://www.youtube.com/watch?v=3W_LwpeG8c8&t=789s,https://www.youtube.com/watch?v=5IkGnB1ZTaY,"Use only the inventory-turnover, inventory-days, and gross-margin sections. Keep the Excel controls local.",src/app/student/unit07/lesson06/lesson-data.ts
7,Inventory Accounting,7,"Project Rehearsal: One Shared Dataset, One Shared Workbook",Shared inventory workbook; COGS evidence; turnover; method choice; peer audit,Review,https://www.youtube.com/watch?v=Hvul1enbwjk ; https://www.youtube.com/watch?v=dAEm17g0T6E ; https://www.youtube.com/watch?v=vGPn_Oo7UBQ&t=2304s,,,Reuse previous method clips only when needed.,src/app/student/unit07/lesson07/lesson-data.ts
7,Inventory Accounting,8,"Group Project Kickoff: New Business, New Starter Workbook, Same Workbook Logic",Group inventory dataset; opening inventory; purchases; sales; method assumptions,Review,https://www.youtube.com/watch?v=OB6RDzqvNbk,,,Optional inventory foundation. No new project video.,src/app/student/unit07/lesson08/lesson-data.ts
7,Inventory Accounting,9,Group Project Build: Complete the Workbook and Rehearse the Recommendation,Four-method valuation; COGS; checks; dashboard; recommendation; scenario tests,Review,https://www.youtube.com/watch?v=Hvul1enbwjk ; https://www.youtube.com/watch?v=dAEm17g0T6E ; https://www.youtube.com/watch?v=vGPn_Oo7UBQ&t=2304s,,,Optional method review. Specific Identification remains a source gap.,src/app/student/unit07/lesson09/lesson-data.ts
7,Inventory Accounting,10,"Final Presentation: Defend Ending Inventory, Method Choice, and Business Recommendation",Defend ending inventory; method recommendation; evidence and risk; questions; submission,No match verified,,,,Use the project rubric and panel instructions.,src/app/student/unit07/lesson10/lesson-data.ts
8,Fixed Assets and Depreciation,1,Sarah's Equipment Purchase — Why Long-Term Assets Are Different,Long-term assets versus expenses; cost; accumulated depreciation; book value,Partial,https://www.youtube.com/watch?v=_pas1ETbrj8,,,Optional depreciation foundation after the launch scenario.,src/app/student/unit08/lesson01/lesson-data.ts
8,Fixed Assets and Depreciation,2,"When Does a Cost Become an Asset? — Capitalization, Useful Life, and Salvage Value",Capitalize or expense; useful life; salvage value; depreciable base; accumulated depreciation,Partial,https://www.youtube.com/watch?v=_pas1ETbrj8 ; https://www.youtube.com/watch?v=iruD9KTNnNc,https://www.youtube.com/watch?v=_pas1ETbrj8&t=141s,,Learn. The videos support capitalization and depreciation terms. Keep the local asset-versus-expense decisions.,src/app/student/unit08/lesson02/lesson-data.ts
8,Fixed Assets and Depreciation,3,Straight-Line Depreciation,Straight-line formula; annual expense; accumulated depreciation; book value; statement effects,Direct,https://www.youtube.com/watch?v=iruD9KTNnNc ; https://www.youtube.com/watch?v=_pas1ETbrj8,https://www.youtube.com/watch?v=iruD9KTNnNc&t=35s,,Learn. Use straight-line as the main resource. Use the journal-entry section for statement effects.,src/app/student/unit08/lesson03/lesson-data.ts
8,Fixed Assets and Depreciation,4,Double-Declining Balance and Method Comparison,Double-declining balance; accelerated expense; salvage floor; straight-line comparison,Direct,https://www.youtube.com/watch?v=M-VzJ51zZoM ; https://www.youtube.com/watch?v=iruD9KTNnNc,https://www.youtube.com/watch?v=M-VzJ51zZoM&t=34s,,Learn. Use the DDB worked example. Keep the local method-comparison task.,src/app/student/unit08/lesson04/lesson-data.ts
8,Fixed Assets and Depreciation,5,Build Asset Register and Depreciation Schedule,Asset register; linked depreciation schedule; annual expense; book value checks; formatting,Partial,https://www.youtube.com/watch?v=iruD9KTNnNc ; https://www.youtube.com/watch?v=M-VzJ51zZoM,https://www.youtube.com/watch?v=iruD9KTNnNc&t=106s ; https://www.youtube.com/watch?v=M-VzJ51zZoM&t=95s,,Optional schedule concept review. Neither source verifies the Excel register procedure.,src/app/student/unit08/lesson05/lesson-data.ts
8,Fixed Assets and Depreciation,6,Partial-Year Depreciation and Statement Impact,Months in service; partial-year depreciation; SLN and DDB; income statement and balance sheet effects,Partial,https://www.youtube.com/watch?v=_pas1ETbrj8,https://www.youtube.com/watch?v=_pas1ETbrj8&t=283s,,Use the journal-entry section for statement effects. No verified partial-year or Excel-function video in either source.,src/app/student/unit08/lesson06/lesson-data.ts
8,Fixed Assets and Depreciation,7,Project Rehearsal: Depreciation Workbook with Shared Data,Shared asset workbook; entries; statement links; evidence; method fit; peer audit,Review,https://www.youtube.com/watch?v=_pas1ETbrj8,,,Reuse the journal-entry explanation only when needed.,src/app/student/unit08/lesson07/lesson-data.ts
8,Fixed Assets and Depreciation,8,Project Kickoff: Group Fixed-Asset Datasets,"Group fixed-asset data; cost, life, salvage, and method; register; first schedule; draft claim",Review,https://www.youtube.com/watch?v=iruD9KTNnNc ; https://www.youtube.com/watch?v=M-VzJ51zZoM,,,Optional method review. No new project video.,src/app/student/unit08/lesson08/lesson-data.ts
8,Fixed Assets and Depreciation,9,Complete Workbook and Depreciation Recommendation,Complete depreciation schedule; straight-line versus DDB; evidence; risk; peer critique,Review,https://www.youtube.com/watch?v=iruD9KTNnNc ; https://www.youtube.com/watch?v=M-VzJ51zZoM,,,Optional method review. Keep recommendation work local.,src/app/student/unit08/lesson09/lesson-data.ts
8,Fixed Assets and Depreciation,10,PBL Milestone 3: Fixed‑Asset Recommendation Presentations,Asset policy recommendation; expense timing; book value; questions; final submission,No match verified,,,,Use the project rubric and panel instructions.,src/app/student/unit08/lesson10/lesson-data.ts
